{
	"easycom": {
		"autoscan": true,
		"custom": {
			"^uni-(.*)": "@/components/$1.vue" // 匹配compssonents目录内的vue文件
		}
	},
	"pages": [ //pages数组中第一项表示应用启动页，参考：https://uniapp.dcloud.io/collocation/pages
		{
			"path": "pages/index/index",
			"style": {
				"navigationBarTitleText": "心安",
				"navigationBarBackgroundColor": "#3A8EE6",
				"navigationBarTextStyle": "white",
				"navigationStyle": "custom" // 隐藏默认导航栏，使用自定义导航栏
				// "navigationStyle": "custom", // 去掉微信小程序顶部导航
				// "app-plus": {
				// 	"titleNView": false //去掉app+h5顶部导航
				// }
			}
		}, {
			"path": "pages/plan/plan",
			"style": {
				"navigationBarBackgroundColor": "#5fc0a6",
				"navigationBarTitleText": "计划",
				"navigationBarTextStyle": "white",
				"enablePullDownRefresh": false
			}

		}, {
			"path": "pages/center/center",
			"style": {
				"navigationBarBackgroundColor": "#5fc0a6" ,
				"navigationBarTitleText": "我的",
				"navigationBarTextStyle": "white",
				"enablePullDownRefresh": false
			}

		}, {
			"path": "pages/login/login",
			"style": {
				"navigationBarTitleText": "登录",
				"enablePullDownRefresh": false
			}

		}, {
			"path": "pages/register/register",
			"style": {
				"navigationBarTitleText": "注册",
				"enablePullDownRefresh": false
			}
		}, {
			"path": "pages/pwd/pwd",
			"style": {
				"navigationBarTitleText": "找回密码",
				"enablePullDownRefresh": false
			}

		}, {
			"path": "pages/health/heartRate/heartRate",
			"style": {
				"navigationBarTitleText": "健康检测",
				"enablePullDownRefresh": false,
				"navigationBarBackgroundColor": "#FFF"
			}

		}, 
		{
			"path": "pages/AI/chat",
			"style": {
				"navigationBarTitleText": "AI助手",
				"enablePullDownRefresh": false,
				"navigationBarBackgroundColor": "#FFF"
			}
		
		},{
			"path": "pages/health/heartRate/result",
			"style": {
				"navigationBarTitleText": "测量结果",
				"enablePullDownRefresh": false,
				"navigationBarBackgroundColor": "#FFF"
			}

		},

		{
			"path": "pages/health/steps/steps",
			"style": {
				"navigationBarTitleText": "步数检测",
				"enablePullDownRefresh": false,
				"navigationBarBackgroundColor": "#FFF"
			}
		}, {
			"path": "pages/ariticle/ariticle",
			"style": {
				"navigationBarTitleText": "文章详情",
				"enablePullDownRefresh": false,
				"navigationBarTextStyle": "white",
				"navigationBarBackgroundColor": "#3ba88e"
			}

		}
		// 组件页面
		, {
			"path": "components/ServiceAgree",
			"style": {
				"navigationBarTitleText": "",
				"enablePullDownRefresh": false
			}

		},  {
			"path": "pages/healthRecord/healthRecord",
			"style": {
				"navigationBarTitleText": "健康档案",
				"enablePullDownRefresh": false
			}

		}, {
			"path": "pages/healthMonitoring/healthMonitoring",
			"style": {
				"navigationBarTitleText": "",
				"enablePullDownRefresh": false
			}

		},  {
			"path": "pages/center/setting",
			"style": {
				"navigationBarTitleText": "设置",
				"enablePullDownRefresh": false
			}

		}, {
			"path": "pages/center/setSingle",
			"style": {
				"navigationBarTitleText": "我的资料",
				"enablePullDownRefresh": false
			}

		},  {
			"path": "pages/treatMent/treatMent",
			"style": {
				"navigationBarTitleText": "附近医院",
				"enablePullDownRefresh": false,
				"navigationBarBackgroundColor": "#3ba88e",
				"navigationBarTextStyle": "white"
			}

		}, {
			"path": "pages/detail/detail",
			"style": {
				"navigationBarTitleText": "",
				"enablePullDownRefresh": false
			}

		}, {
			"path": "pages/my/my",
			"style": {
				"navigationBarTitleText": "我的收藏",
				"enablePullDownRefresh": false
			}

		}, {
			"path": "pages/center/changePassword",
			"style": {
				"navigationBarTitleText": "",
				"enablePullDownRefresh": false
			}

		}, {
			"path": "pages/hosptal/hosptal",
			"style": {
				"navigationBarTitleText": "医院详情页",
				"enablePullDownRefresh": false,
				"navigationBarBackgroundColor": "#3ba88e",
				"navigationBarTextStyle": "white"
			}

		}, {
			"path": "pages/reserve/reserve",
			"style": {
				"navigationBarTitleText": "预约页面",
				"enablePullDownRefresh": false
			}

		}
	    ,{
            "path" : "pages/center/changePassbySms",
            "style" :                                                                                    
            {
                "navigationBarTitleText": "",
                "enablePullDownRefresh": false
            }
            
        }
        ,{
            "path" : "pages/center/aboutUs",
            "style" :                                                                                    
            {
                "navigationBarTitleText": "关于我们",
                "enablePullDownRefresh": false
            }
            
        },
        {
        	"path" : "pages/jilu/jilu",
        	"style" : 
        	{
        		"navigationBarTitleText" : "记录",
        		"navigationBarBackgroundColor": "#5fc0a6",
				"navigationBarTextStyle": "white",
				"enablePullDownRefresh": false
        	}
        },
        {
        	"path" : "utils/utils",
        	"style" : 
        	{
        		"navigationBarTitleText" : ""
        	}
        }
    ],

	"globalStyle": {
		"navigationBarTextStyle": "black",
		"navigationBarTitleText": "小医智汇",
		"navigationBarBackgroundColor": "#F8F8F8",
		"backgroundColor": "#F6f6F6"
	},

	"tabBar": {
		"selectedColor": "#3ba88e",
		"backgroundColor": "white",
		"list": [{
				"pagePath": "pages/index/index",
				"iconPath": "static/icon/home.png",
				"selectedIconPath": "static/icon/home-active.png",
				"text": "首页"
			},
			{
				"pagePath": "pages/plan/plan",
				"iconPath": "static/icon/plan.png",
				"selectedIconPath": "static/icon/plan-active.png",
				"text": "计划"
			},
			{
				"pagePath": "pages/jilu/jilu",
				"iconPath": "static/icon-center/jiance.png",
				"selectedIconPath": "static/icon/plan-active.png",
				"text": "记录"
			},
			{
				"pagePath": "pages/center/center",
				"iconPath": "static/icon/center.png",
				"selectedIconPath": "static/icon/center-active.png",
				"text": "我的"
			}
		]
	},
	"condition": { //模式配置，仅开发期间生效
		"current": 0, //当前激活的模式(list 的索引项)
		"list": [{
			"name": "", //模式名称
			"path": "", //启动页面，必选
			"query": "" //启动参数，在页面的onLoad函数里面得到
		}]
	}
}