{
    // launch.json 配置文件用于设置调试启动时的相关配置
    "version" : "0.0", // 配置文件的版本号，当前为0.0
    "configurations" : [
        {
            "app-plus" : {
                "launchtype" : "remote"
            },
            "default" : {
                "launchtype" : "local"
            },
            "h5" : {
                "launchtype" : "local"
            },
            "mp-weixin" : {
                "launchtype" : "local"
            },
            "provider" : "aliyun",
            "type" : "uniCloud",
            "uniapp" : {
                "launchtype" : "local"
            }
        }
    ]
}
